<?xml version="1.0" encoding="UTF-8"?>
<project-private xmlns="http://www.netbeans.org/ns/project-private/1">
    <editor-bookmarks xmlns="http://www.netbeans.org/ns/editor-bookmarks/2" lastBookmarkId="0"/>
    <open-files xmlns="http://www.netbeans.org/ns/projectui-open-files/2">
        <group>
            <file>file:/Users/sajidahakther/Desktop/Person/src/person/Person.java</file>
            <file>file:/Users/sajidahakther/Desktop/Person/src/person/UndergraduateStudent.java</file>
            <file>file:/Users/sajidahakther/Desktop/Person/src/person/Student.java</file>
            <file>file:/Users/sajidahakther/Desktop/Person/src/person/Testing.java</file>
        </group>
    </open-files>
</project-private>
